1.jpg,1
2.jpg,0
3.jpg,1
4.jpg,0
5.jpg,1
6.jpg,0
7.jpg,0
8.jpg,0
9.jpg,0
10.jpg,1
11.jpg,0
12.jpg,1
13.jpg,1
14.jpg,0
15.jpg,1
16.jpg,1
17.jpg,0
18.jpg,0
19.jpg,0
20.jpg,0
21.jpg,1
22.jpg,1
23.jpg,1
24.jpg,0
25.jpg,1
26.jpg,0.0
27.jpg,0.0
28.jpg,0.0
29.jpg,0.0
30.jpg,0.0
31.jpg,0.0
32.jpg,0.0
33.jpg,0.0
34.jpg,0.0
35.jpg,0.0
36.jpg,0.0
37.jpg,0.0
38.jpg,0.0
39.jpg,0.0
40.jpg,0.0
41.jpg,0.0
42.jpg,0.0
43.jpg,0.0
44.jpg,0.0
45.jpg,0.0
46.jpg,0.0
47.jpg,0.0
48.jpg,0.0
49.jpg,0.0
50.jpg,0.0
51.jpg,0.0
52.jpg,0.0
53.jpg,0.0
54.jpg,0.0
55.jpg,0.0
56.jpg,0.0
57.jpg,0.0
58.jpg,0.0
59.jpg,0.0
60.jpg,0.0
61.jpg,0.0
62.jpg,0.0
63.jpg,0.0
64.jpg,0.0
65.jpg,0.0
66.jpg,0.0
67.jpg,0.0
68.jpg,0.0
69.jpg,0.0
70.jpg,0.0
71.jpg,0.0
72.jpg,0.0
73.jpg,0.0
74.jpg,0.0
75.jpg,0.0
76.jpg,0.0
77.jpg,0.0
78.jpg,0.0
79.jpg,0.0
80.jpg,0.0
81.jpg,0.0
82.jpg,0.0
83.jpg,0.0
84.jpg,0.0
85.jpg,0.0
86.jpg,0.0
87.jpg,0.0
88.jpg,0.0
89.jpg,0.0
90.jpg,0.0
91.jpg,0.0
92.jpg,0.0
93.jpg,0.0
94.jpg,0.0
95.jpg,0.0
96.jpg,0.0
97.jpg,0.0
98.jpg,0.0
99.jpg,0.0
100.jpg,0.0
